"Sample End Time",Lp,LAmin,LAeq,"Processing Value",LA10,LA90,"Lp Sub Channel",Overload,Underrange
"2021-02-28 07:01:00",0.0,52.3,59.4,72.9,55.2,46.8,0,0,0
"2021-02-28 07:03:00",0.0,47.2,56.7,72.0,51.2,40.7,0,0,0
"2021-02-28 07:04:00",0.0,44.8,52.5,65.7,46.9,42.6,0,0,0
"2021-02-28 07:05:00",0.0,48.4,56.3,71.9,51.9,43.1,0,0,0
"2021-02-28 07:06:00",0.0,51.8,58.4,72.9,55.9,45.3,0,0,0
"2021-02-28 07:07:00",0.0,47.4,54.9,70.9,51.2,44.3,0,0,0
"2021-02-28 07:08:00",0.0,48.4,58.4,72.5,51.3,44.6,0,0,0
"2021-02-28 07:09:00",0.0,45.8,52.9,69.0,48.0,43.3,0,0,0
"2021-02-28 07:10:00",0.0,48.4,58.8,72.3,51.0,43.2,0,0,0
"2021-02-28 07:11:00",0.0,47.9,55.2,71.6,51.2,44.4,0,0,0
"2021-02-28 07:12:00",0.0,51.3,57.9,75.5,55.2,45.4,0,0,0
"2021-02-28 07:13:00",0.0,46.9,54.9,73.8,50.7,41.1,0,0,0
"2021-02-28 07:14:00",0.0,47.3,56.9,75.3,50.9,42.5,0,0,0
"2021-02-28 07:15:00",0.0,44.6,49.4,71.9,46.4,42.5,0,0,0
"2021-02-28 07:16:00",0.0,46.6,54.7,70.5,48.1,44.1,0,0,0
"2021-02-28 07:17:00",0.0,49.7,57.1,72.2,54.0,43.7,0,0,0
"2021-02-28 07:18:00",0.0,48.6,58.9,72.4,53.6,41.0,0,0,0
"2021-02-28 07:19:00",0.0,49.3,57.6,71.6,53.5,43.3,0,0,0
"2021-02-28 07:20:00",0.0,47.5,56.5,73.1,52.4,42.7,0,0,0
"2021-02-28 07:21:00",0.0,45.5,51.7,70.4,48.0,43.3,0,0,0
"2021-02-28 07:22:00",0.0,49.3,56.3,77.2,52.5,44.6,0,0,0
"2021-02-28 07:23:00",0.0,49.7,56.8,71.7,53.9,42.9,0,0,0
"2021-02-28 07:24:00",0.0,48.8,58.8,73.3,53.3,41.7,0,0,0
"2021-02-28 07:25:00",0.0,51.3,59.2,74.5,55.2,43.0,0,0,0
"2021-02-28 07:26:00",0.0,48.4,57.1,79.7,52.5,43.2,0,0,0
"2021-02-28 07:27:00",0.0,48.3,58.0,73.4,51.9,40.5,0,0,0
"2021-02-28 07:28:00",0.0,48.0,56.9,75.1,53.4,41.2,0,0,0
"2021-02-28 07:29:00",0.0,46.2,56.2,74.4,50.0,41.4,0,0,0
"2021-02-28 07:30:00",0.0,48.6,58.3,71.1,53.6,40.8,0,0,0
"2021-02-28 07:31:00",0.0,50.2,58.0,78.2,54.1,43.4,0,0,0
"2021-02-28 07:32:00",0.0,47.5,57.9,74.0,48.5,43.3,0,0,0
"2021-02-28 07:33:00",0.0,49.8,59.2,72.3,53.4,43.1,0,0,0
"2021-02-28 07:34:00",0.0,50.0,60.3,74.7,55.1,42.0,0,0,0
"2021-02-28 07:35:00",0.0,47.7,56.7,71.0,51.7,42.7,0,0,0
"2021-02-28 07:36:00",0.0,48.5,54.5,71.6,52.0,44.2,0,0,0
"2021-02-28 07:37:00",0.0,50.1,58.3,72.7,54.3,43.1,0,0,0
"2021-02-28 07:38:00",0.0,48.7,57.0,71.0,52.5,43.9,0,0,0
"2021-02-28 07:39:00",0.0,49.0,55.8,70.6,52.6,44.7,0,0,0
"2021-02-28 07:40:00",0.0,50.8,59.1,74.8,55.7,43.4,0,0,0
"2021-02-28 07:41:00",0.0,52.1,60.8,76.3,55.7,46.7,0,0,0
"2021-02-28 07:42:00",0.0,50.4,58.0,72.6,52.7,47.7,0,0,0
"2021-02-28 07:43:00",0.0,49.9,56.0,74.4,51.7,47.8,0,0,0
"2021-02-28 07:44:00",0.0,49.3,56.1,70.1,52.0,46.3,0,0,0
"2021-02-28 07:45:00",0.0,49.0,57.7,70.8,52.6,45.0,0,0,0
"2021-02-28 07:46:00",0.0,48.5,59.5,72.3,51.6,44.5,0,0,0
"2021-02-28 07:47:00",0.0,50.4,58.6,73.0,53.0,47.3,0,0,0
"2021-02-28 07:48:00",0.0,51.6,57.8,73.1,54.2,47.3,0,0,0
"2021-02-28 07:49:00",0.0,47.5,55.3,70.8,49.8,45.0,0,0,0
"2021-02-28 07:50:00",0.0,48.0,55.4,70.8,51.5,44.7,0,0,0
"2021-02-28 07:51:00",0.0,50.8,57.0,72.8,53.7,45.5,0,0,0
"2021-02-28 07:52:00",0.0,50.4,56.9,71.2,53.2,46.3,0,0,0
"2021-02-28 07:53:00",0.0,52.5,59.0,75.4,56.4,46.4,0,0,0
"2021-02-28 07:54:00",0.0,49.6,58.8,71.3,53.1,45.0,0,0,0
"2021-02-28 07:55:00",0.0,47.5,51.2,69.3,48.6,46.3,0,0,0
"2021-02-28 07:56:00",0.0,46.6,50.1,67.6,48.5,44.5,0,0,0
"2021-02-28 07:57:00",0.0,48.4,56.1,72.1,51.3,43.7,0,0,0
"2021-02-28 07:58:00",0.0,49.1,59.6,73.5,52.2,43.1,0,0,0
"2021-02-28 07:59:00",0.0,48.0,58.7,74.6,52.1,41.4,0,0,0
"2021-02-28 08:00:00",0.0,50.5,63.5,72.3,53.9,43.3,0,0,0
"2021-02-28 08:01:00",0.0,51.1,58.2,72.9,55.0,45.3,0,0,0
"2021-02-28 08:02:00",0.0,50.2,56.8,76.7,53.4,45.3,0,0,0
"2021-02-28 08:03:00",0.0,50.5,57.9,74.2,53.7,46.1,0,0,0
"2021-02-28 08:04:00",0.0,50.2,63.0,77.2,53.3,43.4,0,0,0
"2021-02-28 08:05:00",0.0,44.3,51.4,68.7,46.2,42.4,0,0,0
"2021-02-28 08:06:00",0.0,44.7,48.7,67.0,45.9,43.5,0,0,0
"2021-02-28 08:07:00",0.0,51.5,62.5,76.6,56.7,42.6,0,0,0
"2021-02-28 08:08:00",0.0,46.2,55.2,70.1,48.8,41.1,0,0,0
"2021-02-28 08:09:00",0.0,49.4,56.3,75.2,53.5,41.5,0,0,0
"2021-02-28 08:10:00",0.0,49.0,58.7,75.8,53.1,41.9,0,0,0
"2021-02-28 08:11:00",0.0,48.7,58.6,73.7,53.3,41.0,0,0,0
"2021-02-28 08:12:00",0.0,45.2,53.6,68.8,47.1,41.6,0,0,0
"2021-02-28 08:13:00",0.0,53.2,61.6,78.6,56.7,48.0,0,0,0
"2021-02-28 08:14:00",0.0,50.0,58.4,73.7,53.5,40.0,0,0,0
"2021-02-28 08:15:00",0.0,45.0,51.0,71.1,47.8,40.9,0,0,0
"2021-02-28 08:16:00",0.0,47.3,55.8,73.4,51.1,42.3,0,0,0
"2021-02-28 08:17:00",0.0,50.9,59.6,73.6,55.1,43.4,0,0,0
"2021-02-28 08:18:00",0.0,51.6,58.3,73.8,55.1,46.9,0,0,0
"2021-02-28 08:19:00",0.0,48.6,56.7,76.2,51.8,41.1,0,0,0
"2021-02-28 08:20:00",0.0,47.6,55.0,71.7,51.7,42.4,0,0,0
"2021-02-28 08:21:00",0.0,50.8,59.6,74.5,55.0,42.0,0,0,0
"2021-02-28 08:22:00",0.0,50.1,60.5,77.1,53.0,43.2,0,0,0
"2021-02-28 08:23:00",0.0,46.6,55.4,72.8,50.4,42.6,0,0,0
"2021-02-28 08:24:00",0.0,48.4,57.9,71.5,52.4,41.5,0,0,0
"2021-02-28 08:25:00",0.0,47.4,55.4,71.6,51.0,42.4,0,0,0
"2021-02-28 08:26:00",0.0,49.8,58.4,73.6,53.2,44.3,0,0,0
"2021-02-28 08:27:00",0.0,48.7,56.6,73.8,54.1,42.8,0,0,0
"2021-02-28 08:28:00",0.0,48.1,59.1,77.3,52.0,40.5,0,0,0
"2021-02-28 08:29:00",0.0,50.6,58.4,72.8,54.4,42.9,0,0,0
"2021-02-28 08:30:00",0.0,47.9,56.0,73.8,51.6,42.5,0,0,0
"2021-02-28 08:31:00",0.0,48.2,57.4,75.1,52.3,41.5,0,0,0
"2021-02-28 08:32:00",0.0,50.4,58.9,76.4,56.0,40.4,0,0,0
"2021-02-28 08:33:00",0.0,49.4,57.9,76.2,53.3,40.3,0,0,0
"2021-02-28 08:34:00",0.0,46.2,57.5,72.9,49.6,39.0,0,0,0
"2021-02-28 08:35:00",0.0,45.7,56.6,70.3,48.5,38.7,0,0,0
"2021-02-28 08:36:00",0.0,48.3,59.1,80.4,52.8,39.8,0,0,0
"2021-02-28 08:37:00",0.0,49.9,59.2,72.9,54.1,39.4,0,0,0
"2021-02-28 08:38:00",0.0,49.0,55.1,81.6,52.6,42.9,0,0,0
"2021-02-28 08:39:00",0.0,49.9,56.7,70.3,53.7,42.5,0,0,0
"2021-02-28 08:40:00",0.0,49.3,59.0,72.8,53.3,41.5,0,0,0
"2021-02-28 08:41:00",0.0,46.7,56.5,73.1,51.6,39.6,0,0,0
"2021-02-28 08:42:00",0.0,42.7,51.4,68.7,44.4,40.6,0,0,0
"2021-02-28 08:43:00",0.0,49.0,57.2,72.7,51.6,43.3,0,0,0
"2021-02-28 08:44:00",0.0,48.9,59.3,74.5,53.2,40.5,0,0,0
"2021-02-28 08:45:00",0.0,52.3,58.9,74.3,56.3,41.1,0,0,0
"2021-02-28 08:46:00",0.0,46.4,58.0,71.2,49.7,40.4,0,0,0
"2021-02-28 08:47:00",0.0,48.0,57.1,69.9,52.8,40.9,0,0,0
"2021-02-28 08:48:00",0.0,50.8,59.5,75.6,55.0,41.8,0,0,0
"2021-02-28 08:49:00",0.0,50.8,60.6,74.5,54.3,41.0,0,0,0
"2021-02-28 08:50:00",0.0,50.3,57.1,75.6,54.7,41.6,0,0,0
"2021-02-28 08:51:00",0.0,50.2,58.2,74.5,55.5,41.6,0,0,0
"2021-02-28 08:52:00",0.0,48.5,56.8,74.0,53.2,41.5,0,0,0
"2021-02-28 08:53:00",0.0,49.9,59.1,77.4,54.9,41.3,0,0,0
"2021-02-28 08:54:00",0.0,46.1,56.5,74.1,49.9,40.7,0,0,0
"2021-02-28 08:55:00",0.0,50.8,58.7,76.6,54.5,40.8,0,0,0
"2021-02-28 08:56:00",0.0,50.8,58.2,74.5,55.4,41.8,0,0,0
"2021-02-28 08:57:00",0.0,51.2,59.7,74.9,55.9,42.7,0,0,0
"2021-02-28 08:58:00",0.0,48.6,59.0,74.0,52.5,42.3,0,0,0
"2021-02-28 08:59:00",0.0,51.2,58.5,74.6,54.8,43.1,0,0,0
"2021-02-28 09:00:00",0.0,52.6,59.5,75.0,56.8,41.9,0,0,0
"2021-02-28 09:01:00",0.0,47.6,56.3,74.0,51.9,41.8,0,0,0
"2021-02-28 09:02:00",0.0,49.9,57.9,73.9,54.2,43.4,0,0,0
"2021-02-28 09:03:00",0.0,50.6,60.3,76.3,55.5,43.3,0,0,0
"2021-02-28 09:04:00",0.0,43.1,53.3,73.3,45.3,41.0,0,0,0
"2021-02-28 09:05:00",0.0,49.4,60.7,82.8,51.7,42.0,0,0,0
"2021-02-28 09:06:00",0.0,50.7,57.8,75.8,54.5,44.6,0,0,0
"2021-02-28 09:07:00",0.0,51.2,60.8,75.1,55.2,41.5,0,0,0
"2021-02-28 09:08:00",0.0,50.7,57.9,75.2,55.2,42.0,0,0,0
"2021-02-28 09:09:00",0.0,47.8,56.2,75.3,51.5,42.1,0,0,0
"2021-02-28 09:10:00",0.0,48.1,58.4,76.0,53.4,40.2,0,0,0
"2021-02-28 09:11:00",0.0,48.4,57.4,72.7,51.7,41.7,0,0,0
"2021-02-28 09:12:00",0.0,51.6,60.0,75.8,56.5,40.4,0,0,0
"2021-02-28 09:13:00",0.0,52.0,59.1,75.4,56.2,41.9,0,0,0
"2021-02-28 09:14:00",0.0,41.9,48.7,66.2,43.6,39.5,0,0,0
"2021-02-28 09:15:00",0.0,52.3,57.7,84.3,55.4,45.5,0,0,0
"2021-02-28 09:16:00",0.0,54.3,65.3,86.1,58.5,43.5,0,0,0
"2021-02-28 09:17:00",0.0,48.8,55.1,73.7,52.4,40.7,0,0,0
"2021-02-28 09:18:00",0.0,48.3,56.4,71.3,53.1,39.8,0,0,0
"2021-02-28 09:19:00",0.0,47.9,59.6,75.0,51.5,41.7,0,0,0
"2021-02-28 09:20:00",0.0,49.0,57.9,75.4,53.4,40.9,0,0,0
"2021-02-28 09:21:00",0.0,48.5,58.2,75.3,52.5,42.4,0,0,0
"2021-02-28 09:22:00",0.0,52.7,59.3,75.5,55.7,46.6,0,0,0
"2021-02-28 09:23:00",0.0,49.7,58.0,72.5,54.3,43.1,0,0,0
"2021-02-28 09:25:00",0.0,52.8,60.3,77.2,57.1,44.4,0,0,0
"2021-02-28 09:26:00",0.0,50.0,60.2,74.0,53.3,41.9,0,0,0
"2021-02-28 09:27:00",0.0,53.1,60.4,77.1,58.2,44.5,0,0,0
"2021-02-28 09:28:00",0.0,47.5,55.4,73.4,51.8,41.8,0,0,0
"2021-02-28 09:29:00",0.0,51.6,61.7,75.4,54.7,43.1,0,0,0
"2021-02-28 09:30:00",0.0,51.8,60.1,75.5,55.1,43.9,0,0,0
"2021-02-28 09:31:00",0.0,48.1,58.1,72.9,52.6,41.3,0,0,0
"2021-02-28 09:32:00",0.0,49.7,58.6,74.1,53.3,42.8,0,0,0
"2021-02-28 09:33:00",0.0,50.3,58.8,73.9,54.3,42.0,0,0,0
"2021-02-28 09:34:00",0.0,51.4,58.7,74.8,55.2,43.7,0,0,0
"2021-02-28 09:35:00",0.0,52.9,59.5,74.6,56.4,46.4,0,0,0
"2021-02-28 09:36:00",0.0,51.7,57.9,74.4,55.2,43.2,0,0,0
"2021-02-28 09:37:00",0.0,51.2,57.0,75.6,55.6,43.8,0,0,0
"2021-02-28 09:38:00",0.0,48.5,56.6,72.5,53.1,42.3,0,0,0
"2021-02-28 09:39:00",0.0,53.9,61.0,75.8,57.7,45.7,0,0,0
"2021-02-28 09:40:00",0.0,55.6,60.6,82.6,58.4,49.5,0,0,0
"2021-02-28 09:41:00",0.0,57.8,67.8,86.9,64.3,45.0,0,0,0
"2021-02-28 09:42:00",0.0,50.2,57.6,73.7,54.2,42.7,0,0,0
"2021-02-28 09:43:00",0.0,49.3,58.5,77.4,52.9,43.6,0,0,0
"2021-02-28 09:44:00",0.0,52.8,59.5,76.9,56.7,43.0,0,0,0
"2021-02-28 09:45:00",0.0,50.7,59.2,76.3,55.0,42.1,0,0,0
"2021-02-28 09:46:00",0.0,54.0,60.4,76.3,57.8,44.9,0,0,0
"2021-02-28 09:47:00",0.0,52.1,63.2,77.3,55.2,47.4,0,0,0
"2021-02-28 09:48:00",0.0,54.1,65.0,80.0,56.8,49.3,0,0,0
"2021-02-28 09:49:00",0.0,54.0,61.8,74.9,57.2,47.9,0,0,0
"2021-02-28 09:50:00",0.0,52.3,58.2,75.2,56.0,42.8,0,0,0
"2021-02-28 09:51:00",0.0,57.0,65.2,76.6,59.7,49.2,0,0,0
"2021-02-28 09:52:00",0.0,54.7,62.6,76.1,57.9,49.0,0,0,0
"2021-02-28 09:53:00",0.0,53.9,61.9,76.4,57.3,47.0,0,0,0
"2021-02-28 09:54:00",0.0,58.9,70.0,96.8,61.3,47.0,0,0,0
"2021-02-28 09:55:00",0.0,56.3,68.8,92.5,58.6,49.1,0,0,0
"2021-02-28 09:56:00",0.0,56.5,63.8,83.8,59.3,49.5,0,0,0
"2021-02-28 09:57:00",0.0,55.2,60.9,76.8,57.3,51.8,0,0,0
"2021-02-28 09:58:00",0.0,52.7,59.4,75.0,55.8,46.6,0,0,0
"2021-02-28 09:59:00",0.0,56.1,68.9,89.7,58.7,47.1,0,0,0
"2021-02-28 10:00:00",0.0,52.6,57.9,75.5,55.7,47.5,0,0,0
"2021-02-28 10:01:00",0.0,54.6,59.1,78.8,56.8,51.3,0,0,0
"2021-02-28 10:02:00",0.0,54.8,59.2,76.4,57.8,50.1,0,0,0
"2021-02-28 10:03:00",0.0,50.8,56.6,72.5,54.5,45.4,0,0,0
"2021-02-28 10:04:00",0.0,52.7,57.9,74.7,56.1,46.7,0,0,0
"2021-02-28 10:05:00",0.0,53.0,59.3,77.8,56.2,46.6,0,0,0
"2021-02-28 10:06:00",0.0,54.1,59.5,77.6,57.4,48.0,0,0,0
"2021-02-28 10:07:00",0.0,56.3,66.2,87.4,58.3,52.2,0,0,0
"2021-02-28 10:08:00",0.0,52.1,57.5,74.2,55.4,46.2,0,0,0
"2021-02-28 10:09:00",0.0,52.2,57.8,78.7,55.4,47.9,0,0,0
"2021-02-28 10:10:00",0.0,54.2,60.7,84.0,56.5,48.9,0,0,0
"2021-02-28 10:11:00",0.0,55.1,62.0,77.6,59.6,46.7,0,0,0
"2021-02-28 10:12:00",0.0,51.0,58.7,74.6,54.8,46.1,0,0,0
"2021-02-28 10:13:00",0.0,53.5,59.7,76.2,57.0,45.4,0,0,0
"2021-02-28 10:14:00",0.0,53.3,60.6,75.7,57.0,47.5,0,0,0
"2021-02-28 10:15:00",0.0,53.4,59.3,77.6,56.5,47.9,0,0,0
"2021-02-28 10:16:00",0.0,52.3,59.2,74.3,56.7,45.2,0,0,0
"2021-02-28 10:17:00",0.0,54.2,59.1,75.7,57.4,48.4,0,0,0
"2021-02-28 10:18:00",0.0,53.8,61.4,78.5,57.7,45.0,0,0,0
"2021-02-28 10:19:00",0.0,54.4,60.4,77.3,57.6,50.6,0,0,0
"2021-02-28 10:20:00",0.0,53.7,60.1,82.7,56.3,49.7,0,0,0
"2021-02-28 10:21:00",0.0,52.7,59.2,76.7,56.8,47.1,0,0,0
"2021-02-28 10:22:00",0.0,53.8,60.5,76.0,58.1,45.0,0,0,0
"2021-02-28 10:23:00",0.0,52.9,58.1,76.9,55.5,49.5,0,0,0
"2021-02-28 10:24:00",0.0,55.8,62.4,85.0,58.2,50.0,0,0,0
"2021-02-28 10:25:00",0.0,52.5,58.1,77.4,56.7,46.3,0,0,0
"2021-02-28 10:26:00",0.0,53.3,57.2,75.9,55.5,49.8,0,0,0
"2021-02-28 10:27:00",0.0,56.9,61.6,79.1,58.7,53.6,0,0,0
"2021-02-28 10:28:00",0.0,51.1,59.5,76.2,54.4,46.7,0,0,0
"2021-02-28 10:29:00",0.0,55.8,60.4,80.1,58.7,48.6,0,0,0
"2021-02-28 10:30:00",0.0,56.1,62.3,79.2,59.6,50.3,0,0,0
"2021-02-28 10:31:00",0.0,53.4,58.4,76.1,56.0,48.9,0,0,0
"2021-02-28 10:32:00",0.0,51.0,58.9,78.1,55.2,46.1,0,0,0
"2021-02-28 10:33:00",0.0,53.5,60.1,75.4,56.7,48.4,0,0,0
"2021-02-28 10:34:00",0.0,55.4,60.2,79.0,58.2,49.0,0,0,0
"2021-02-28 10:35:00",0.0,55.3,61.0,78.3,58.4,50.6,0,0,0
"2021-02-28 10:36:00",0.0,52.8,61.3,74.3,56.2,47.2,0,0,0
"2021-02-28 10:37:00",0.0,54.4,60.5,78.9,57.8,48.5,0,0,0
"2021-02-28 10:38:00",0.0,55.0,60.5,76.5,58.2,47.8,0,0,0
"2021-02-28 10:39:00",0.0,54.9,61.4,76.5,58.5,49.7,0,0,0
"2021-02-28 10:40:00",0.0,51.9,57.3,75.5,54.7,48.1,0,0,0
"2021-02-28 10:41:00",0.0,51.8,57.1,75.8,54.5,46.9,0,0,0
"2021-02-28 10:42:00",0.0,54.4,59.2,79.1,57.4,47.9,0,0,0
"2021-02-28 10:43:00",0.0,53.5,59.6,75.8,57.4,45.6,0,0,0
"2021-02-28 10:44:00",0.0,55.4,59.9,77.4,57.9,49.4,0,0,0
"2021-02-28 10:45:00",0.0,53.5,61.2,79.0,57.6,46.7,0,0,0
"2021-02-28 10:46:00",0.0,53.5,59.3,76.4,56.7,47.3,0,0,0
"2021-02-28 10:47:00",0.0,53.4,58.1,76.4,56.2,48.8,0,0,0
"2021-02-28 10:48:00",0.0,52.3,57.5,76.8,54.9,48.6,0,0,0
"2021-02-28 10:49:00",0.0,55.3,62.9,85.7,58.6,50.6,0,0,0
"2021-02-28 10:50:00",0.0,54.7,60.7,75.2,57.5,49.1,0,0,0
"2021-02-28 10:51:00",0.0,55.1,61.2,76.7,57.5,51.8,0,0,0
"2021-02-28 10:52:00",0.0,55.8,60.0,77.0,57.9,51.7,0,0,0
"2021-02-28 10:53:00",0.0,55.7,61.9,77.2,58.5,51.3,0,0,0
"2021-02-28 10:54:00",0.0,56.3,61.9,77.0,59.6,50.9,0,0,0
"2021-02-28 10:55:00",0.0,54.7,60.5,77.1,58.6,47.5,0,0,0
"2021-02-28 10:56:00",0.0,55.8,60.7,76.4,57.7,52.4,0,0,0
"2021-02-28 10:57:00",0.0,54.4,59.5,76.1,57.4,50.4,0,0,0
"2021-02-28 10:58:00",0.0,54.9,60.5,76.4,57.6,50.8,0,0,0
"2021-02-28 10:59:00",0.0,55.5,61.1,79.5,58.5,51.6,0,0,0
"2021-02-28 11:00:00",0.0,54.4,61.7,78.9,57.7,47.4,0,0,0
"2021-02-28 11:01:00",0.0,54.7,59.4,77.4,57.3,50.1,0,0,0
"2021-02-28 11:02:00",0.0,54.5,58.5,78.1,57.2,49.8,0,0,0
"2021-02-28 11:03:00",0.0,54.7,58.0,77.5,56.5,51.8,0,0,0
"2021-02-28 11:04:00",0.0,53.6,59.5,75.8,56.1,49.9,0,0,0
"2021-02-28 11:05:00",0.0,54.9,61.2,89.3,58.4,49.8,0,0,0
"2021-02-28 11:06:00",0.0,54.9,60.3,79.7,57.6,49.2,0,0,0
"2021-02-28 11:07:00",0.0,54.5,60.2,78.7,57.6,49.6,0,0,0
"2021-02-28 11:08:00",0.0,55.0,60.5,78.1,58.5,48.5,0,0,0
"2021-02-28 11:09:00",0.0,53.1,57.9,75.2,55.7,49.5,0,0,0
"2021-02-28 11:10:00",0.0,55.2,61.1,82.8,57.3,51.5,0,0,0
"2021-02-28 11:11:00",0.0,55.3,59.1,78.8,57.2,53.3,0,0,0
"2021-02-28 11:12:00",0.0,52.5,58.7,77.9,55.8,47.3,0,0,0
"2021-02-28 11:13:00",0.0,50.9,57.2,76.4,53.0,48.1,0,0,0
"2021-02-28 11:14:00",0.0,55.1,59.5,75.9,57.4,51.5,0,0,0
"2021-02-28 11:15:00",0.0,54.9,59.2,78.1,57.2,51.1,0,0,0
"2021-02-28 11:17:00",0.0,53.9,59.5,81.4,57.2,47.5,0,0,0
"2021-02-28 11:18:00",0.0,55.1,59.8,77.9,57.2,50.8,0,0,0
"2021-02-28 11:19:00",0.0,54.2,62.9,85.2,56.5,51.6,0,0,0
"2021-02-28 11:20:00",0.0,56.5,65.3,89.4,59.7,49.1,0,0,0
"2021-02-28 11:21:00",0.0,54.0,57.8,78.3,55.9,50.4,0,0,0
"2021-02-28 11:22:00",0.0,56.5,61.4,83.8,59.3,53.5,0,0,0
"2021-02-28 11:23:00",0.0,53.4,60.3,77.7,56.5,47.6,0,0,0
"2021-02-28 11:24:00",0.0,53.6,57.8,75.4,55.8,49.4,0,0,0
"2021-02-28 11:25:00",0.0,55.1,59.4,79.5,57.8,51.3,0,0,0
"2021-02-28 11:26:00",0.0,54.9,60.5,79.1,58.7,49.0,0,0,0
"2021-02-28 11:27:00",0.0,53.2,58.2,79.0,55.7,48.7,0,0,0
"2021-02-28 11:28:00",0.0,55.0,60.0,75.8,57.7,51.2,0,0,0
"2021-02-28 11:29:00",0.0,53.8,58.3,76.6,56.3,49.5,0,0,0
"2021-02-28 11:30:00",0.0,53.0,56.6,85.9,54.6,50.6,0,0,0
"2021-02-28 11:31:00",0.0,52.6,56.9,74.5,55.0,49.9,0,0,0
"2021-02-28 11:32:00",0.0,54.4,60.2,76.5,57.0,50.1,0,0,0
"2021-02-28 11:33:00",0.0,56.3,63.2,90.1,59.3,50.8,0,0,0
"2021-02-28 11:34:00",0.0,55.8,61.6,92.3,58.3,50.9,0,0,0
"2021-02-28 11:35:00",0.0,54.1,58.8,81.6,56.4,50.6,0,0,0
"2021-02-28 11:36:00",0.0,54.7,61.2,86.0,57.8,49.1,0,0,0
"2021-02-28 11:37:00",0.0,53.7,60.8,80.1,56.5,50.1,0,0,0
"2021-02-28 11:38:00",0.0,55.8,59.9,77.0,58.5,50.9,0,0,0
"2021-02-28 11:39:00",0.0,53.1,56.2,73.7,55.0,51.1,0,0,0
"2021-02-28 11:40:00",0.0,52.5,56.0,75.4,54.0,50.6,0,0,0
"2021-02-28 11:41:00",0.0,55.1,60.3,79.8,58.4,50.8,0,0,0
"2021-02-28 11:42:00",0.0,55.3,59.3,75.9,57.0,53.6,0,0,0
"2021-02-28 11:43:00",0.0,53.5,63.0,78.0,55.9,49.1,0,0,0
"2021-02-28 11:44:00",0.0,53.5,57.5,75.9,55.7,49.1,0,0,0
"2021-02-28 11:45:00",0.0,54.8,58.1,78.9,57.0,51.3,0,0,0
"2021-02-28 11:46:00",0.0,55.0,58.1,76.9,56.8,51.7,0,0,0
"2021-02-28 11:47:00",0.0,55.2,58.8,76.8,57.0,52.6,0,0,0
"2021-02-28 11:48:00",0.0,54.2,58.6,76.3,56.9,49.6,0,0,0
"2021-02-28 11:49:00",0.0,55.2,59.0,78.0,57.5,51.2,0,0,0
"2021-02-28 11:50:00",0.0,53.2,57.9,76.7,56.3,48.1,0,0,0
"2021-02-28 11:51:00",0.0,54.2,58.6,79.4,57.4,48.6,0,0,0
"2021-02-28 11:52:00",0.0,53.9,58.6,76.4,56.8,49.1,0,0,0
"2021-02-28 11:53:00",0.0,53.5,59.4,76.2,56.1,48.6,0,0,0
"2021-02-28 11:54:00",0.0,54.8,58.7,81.0,56.9,52.3,0,0,0
"2021-02-28 11:55:00",0.0,54.3,57.8,80.1,56.6,50.6,0,0,0
"2021-02-28 11:56:00",0.0,52.0,56.2,75.4,54.7,48.7,0,0,0
"2021-02-28 11:57:00",0.0,53.5,59.1,80.5,56.7,48.4,0,0,0
"2021-02-28 11:58:00",0.0,54.7,59.4,78.1,57.3,48.4,0,0,0
"2021-02-28 11:59:00",0.0,59.3,70.8,94.2,59.0,51.4,0,0,0
"2021-02-28 12:00:00",0.0,54.3,58.8,77.9,57.0,50.6,0,0,0
"2021-02-28 12:01:00",0.0,53.7,58.6,75.1,55.8,50.3,0,0,0
"2021-02-28 12:02:00",0.0,54.1,58.2,77.6,56.5,50.0,0,0,0
"2021-02-28 12:03:00",0.0,52.9,59.0,76.7,56.3,47.7,0,0,0
"2021-02-28 12:04:00",0.0,54.0,58.1,76.7,56.4,49.1,0,0,0
"2021-02-28 12:05:00",0.0,55.0,60.3,76.1,58.0,51.0,0,0,0
"2021-02-28 12:06:00",0.0,54.2,58.5,78.2,56.3,50.2,0,0,0
"2021-02-28 12:07:00",0.0,53.6,59.2,76.3,55.7,48.4,0,0,0
"2021-02-28 12:08:00",0.0,53.3,58.2,78.6,55.8,48.8,0,0,0
"2021-02-28 12:09:00",0.0,54.4,58.6,78.0,56.7,49.5,0,0,0
"2021-02-28 12:10:00",0.0,52.7,58.5,74.9,55.6,47.8,0,0,0
"2021-02-28 12:11:00",0.0,54.2,58.6,76.0,56.3,50.7,0,0,0
"2021-02-28 12:12:00",0.0,54.6,58.2,76.7,56.3,51.5,0,0,0
"2021-02-28 12:13:00",0.0,53.8,57.9,76.6,56.2,50.3,0,0,0
"2021-02-28 12:14:00",0.0,54.7,58.8,78.3,56.7,51.3,0,0,0
"2021-02-28 12:15:00",0.0,53.4,58.3,80.2,56.2,49.4,0,0,0
"2021-02-28 12:16:00",0.0,53.5,59.2,77.0,56.2,49.5,0,0,0
"2021-02-28 12:17:00",0.0,52.4,57.7,76.7,55.3,48.9,0,0,0
"2021-02-28 12:18:00",0.0,51.8,57.5,80.5,55.0,46.2,0,0,0
"2021-02-28 12:19:00",0.0,55.0,59.6,77.7,57.2,51.9,0,0,0
"2021-02-28 12:20:00",0.0,54.2,59.1,78.8,56.2,50.9,0,0,0
"2021-02-28 12:21:00",0.0,55.0,63.7,78.8,57.4,49.9,0,0,0
"2021-02-28 12:22:00",0.0,53.3,57.8,79.3,55.6,50.1,0,0,0
"2021-02-28 12:23:00",0.0,54.5,58.1,77.1,56.3,52.3,0,0,0
"2021-02-28 12:24:00",0.0,55.1,60.6,80.1,58.2,48.7,0,0,0
"2021-02-28 12:25:00",0.0,54.2,58.6,77.8,56.5,50.1,0,0,0
"2021-02-28 12:26:00",0.0,54.1,58.5,78.9,56.7,49.6,0,0,0
"2021-02-28 12:27:00",0.0,54.2,58.8,76.9,56.9,48.8,0,0,0
"2021-02-28 12:28:00",0.0,55.5,62.2,81.8,58.3,51.3,0,0,0
"2021-02-28 12:29:00",0.0,56.3,61.3,78.9,59.6,52.4,0,0,0
"2021-02-28 12:30:00",0.0,55.9,60.8,79.0,58.2,52.7,0,0,0
"2021-02-28 12:31:00",0.0,55.2,61.0,76.3,58.0,49.9,0,0,0
"2021-02-28 12:32:00",0.0,55.2,60.7,83.3,58.0,50.2,0,0,0
"2021-02-28 12:33:00",0.0,52.9,58.1,76.3,55.6,48.3,0,0,0
"2021-02-28 12:34:00",0.0,58.3,68.2,79.9,60.2,55.0,0,0,0
"2021-02-28 12:35:00",0.0,54.2,58.9,77.7,57.6,48.8,0,0,0
"2021-02-28 12:36:00",0.0,53.7,60.4,76.3,56.5,47.8,0,0,0
"2021-02-28 12:37:00",0.0,55.6,59.1,77.9,57.6,52.4,0,0,0
"2021-02-28 12:38:00",0.0,54.2,57.8,75.6,56.2,51.1,0,0,0
"2021-02-28 12:39:00",0.0,56.6,61.0,78.0,58.7,51.7,0,0,0
"2021-02-28 12:40:00",0.0,53.0,57.5,74.7,55.6,48.4,0,0,0
"2021-02-28 12:41:00",0.0,55.2,61.5,80.8,57.5,50.9,0,0,0
"2021-02-28 12:42:00",0.0,54.3,58.1,75.4,56.8,50.6,0,0,0
"2021-02-28 12:43:00",0.0,54.0,58.8,75.6,56.8,50.5,0,0,0
"2021-02-28 12:44:00",0.0,58.9,71.1,88.8,59.8,52.6,0,0,0
"2021-02-28 12:45:00",0.0,53.7,58.5,74.9,57.1,48.5,0,0,0
"2021-02-28 12:46:00",0.0,55.3,59.2,76.3,57.3,52.2,0,0,0
"2021-02-28 12:47:00",0.0,54.8,59.8,81.3,57.7,49.9,0,0,0
"2021-02-28 12:48:00",0.0,55.9,61.2,77.7,58.4,50.6,0,0,0
"2021-02-28 12:49:00",0.0,53.2,57.0,77.6,54.9,51.2,0,0,0
"2021-02-28 12:50:00",0.0,55.7,60.3,78.1,57.3,52.1,0,0,0
"2021-02-28 12:51:00",0.0,55.3,59.3,77.9,57.3,52.8,0,0,0
"2021-02-28 12:52:00",0.0,55.0,61.3,84.1,57.7,50.5,0,0,0
"2021-02-28 12:53:00",0.0,53.7,58.0,77.0,56.3,50.0,0,0,0
"2021-02-28 12:54:00",0.0,53.7,58.8,75.3,56.9,48.3,0,0,0
"2021-02-28 12:55:00",0.0,55.1,61.6,76.1,57.4,51.0,0,0,0
"2021-02-28 12:56:00",0.0,55.0,58.6,76.1,56.4,53.3,0,0,0
"2021-02-28 12:57:00",0.0,53.5,58.9,79.8,56.1,49.4,0,0,0
"2021-02-28 12:58:00",0.0,64.3,79.3,99.6,68.4,48.9,0,0,0
"2021-02-28 12:59:00",0.0,57.2,62.2,82.2,59.5,54.2,0,0,0
"2021-02-28 13:00:00",0.0,55.3,59.4,76.2,56.9,52.9,0,0,0
"2021-02-28 13:01:00",0.0,56.7,61.4,79.0,59.3,53.4,0,0,0
"2021-02-28 13:02:00",0.0,56.7,60.0,81.8,58.3,54.6,0,0,0
"2021-02-28 13:03:00",0.0,57.0,65.5,83.1,59.2,52.4,0,0,0
"2021-02-28 13:04:00",0.0,55.1,59.8,75.8,56.9,51.4,0,0,0
"2021-02-28 13:05:00",0.0,55.5,60.6,83.4,58.3,50.4,0,0,0
"2021-02-28 13:06:00",0.0,55.0,59.8,75.6,57.3,51.5,0,0,0
"2021-02-28 13:07:00",0.0,54.7,59.5,77.0,57.4,49.0,0,0,0
"2021-02-28 13:08:00",0.0,55.5,61.1,78.2,58.2,51.0,0,0,0
"2021-02-28 13:09:00",0.0,56.9,61.4,77.6,59.4,52.7,0,0,0
"2021-02-28 13:10:00",0.0,53.6,62.1,78.4,56.3,49.6,0,0,0
"2021-02-28 13:11:00",0.0,54.5,58.5,76.5,56.7,50.2,0,0,0
"2021-02-28 13:12:00",0.0,54.6,59.4,79.9,57.5,51.3,0,0,0
"2021-02-28 13:13:00",0.0,56.1,60.1,79.0,58.3,51.1,0,0,0
"2021-02-28 13:14:00",0.0,55.6,59.2,83.0,57.9,50.8,0,0,0
"2021-02-28 13:15:00",0.0,55.2,60.1,78.0,57.9,50.6,0,0,0
"2021-02-28 13:16:00",0.0,56.1,59.8,77.7,58.2,52.8,0,0,0
"2021-02-28 13:17:00",0.0,56.4,62.0,78.0,59.0,52.7,0,0,0
"2021-02-28 13:18:00",0.0,55.3,59.2,77.6,57.5,52.0,0,0,0
"2021-02-28 13:19:00",0.0,58.0,69.1,86.9,58.3,51.9,0,0,0
"2021-02-28 13:20:00",0.0,56.0,66.6,84.5,58.5,51.1,0,0,0
"2021-02-28 13:21:00",0.0,54.4,59.7,77.7,56.5,51.2,0,0,0
"2021-02-28 13:22:00",0.0,56.0,60.5,80.1,58.8,51.3,0,0,0
"2021-02-28 13:23:00",0.0,55.1,60.8,76.9,57.4,52.3,0,0,0
"2021-02-28 13:24:00",0.0,55.8,62.0,81.0,59.5,48.3,0,0,0
"2021-02-28 13:25:00",0.0,56.5,61.4,79.0,58.8,51.9,0,0,0
"2021-02-28 13:26:00",0.0,55.9,63.7,84.7,58.3,50.3,0,0,0
"2021-02-28 13:27:00",0.0,55.3,58.9,78.7,56.9,51.8,0,0,0
"2021-02-28 13:28:00",0.0,54.8,60.0,77.2,56.2,50.5,0,0,0
"2021-02-28 13:29:00",0.0,54.2,58.4,76.1,56.0,50.6,0,0,0
"2021-02-28 13:30:00",0.0,53.4,58.5,80.6,56.8,47.1,0,0,0
"2021-02-28 13:31:00",0.0,54.5,59.6,76.2,57.1,50.4,0,0,0
"2021-02-28 13:32:00",0.0,54.7,58.5,76.5,57.4,50.5,0,0,0
"2021-02-28 13:33:00",0.0,53.8,59.2,81.1,56.5,49.1,0,0,0
"2021-02-28 13:34:00",0.0,55.5,59.8,76.8,57.6,52.1,0,0,0
"2021-02-28 13:35:00",0.0,55.6,60.1,76.7,57.7,50.6,0,0,0
"2021-02-28 13:36:00",0.0,54.1,58.5,77.6,56.6,49.4,0,0,0
"2021-02-28 13:37:00",0.0,54.0,58.7,77.1,56.9,49.4,0,0,0
"2021-02-28 13:38:00",0.0,54.5,62.7,82.8,56.7,51.6,0,0,0
"2021-02-28 13:39:00",0.0,55.0,59.2,84.2,57.5,51.3,0,0,0
"2021-02-28 13:40:00",0.0,56.2,62.6,88.1,58.2,52.2,0,0,0
"2021-02-28 13:41:00",0.0,55.0,58.2,78.1,56.6,53.0,0,0,0
"2021-02-28 13:42:00",0.0,55.3,59.4,80.3,58.3,50.3,0,0,0
"2021-02-28 13:43:00",0.0,54.2,58.7,77.5,56.7,50.2,0,0,0
"2021-02-28 13:44:00",0.0,54.8,58.6,76.5,57.0,50.8,0,0,0
"2021-02-28 13:45:00",0.0,55.0,59.6,78.1,57.8,49.8,0,0,0
"2021-02-28 13:46:00",0.0,54.5,58.2,75.5,56.8,50.4,0,0,0
"2021-02-28 13:47:00",0.0,54.1,58.7,74.0,56.8,50.6,0,0,0
"2021-02-28 13:48:00",0.0,53.7,58.5,76.1,56.4,49.5,0,0,0
"2021-02-28 13:49:00",0.0,53.9,60.9,82.5,57.8,46.9,0,0,0
"2021-02-28 13:50:00",0.0,54.8,59.6,79.6,57.3,49.3,0,0,0
"2021-02-28 13:51:00",0.0,56.5,61.3,79.2,58.9,52.7,0,0,0
"2021-02-28 13:52:00",0.0,53.8,57.0,77.4,55.6,51.5,0,0,0
"2021-02-28 13:53:00",0.0,54.9,60.8,77.7,57.6,51.2,0,0,0
"2021-02-28 13:54:00",0.0,56.0,59.8,77.1,58.4,52.9,0,0,0
"2021-02-28 13:55:00",0.0,54.9,60.3,80.1,57.2,50.9,0,0,0
"2021-02-28 13:56:00",0.0,54.5,58.2,80.3,56.3,51.9,0,0,0
"2021-02-28 13:57:00",0.0,54.6,59.7,78.0,57.2,50.5,0,0,0
"2021-02-28 13:58:00",0.0,54.9,58.0,76.9,56.6,51.7,0,0,0
"2021-02-28 13:59:00",0.0,54.0,59.1,75.7,56.7,49.9,0,0,0
"2021-02-28 14:00:00",0.0,55.1,59.4,77.1,57.4,51.2,0,0,0
"2021-02-28 14:01:00",0.0,56.0,63.7,81.2,58.5,51.7,0,0,0
"2021-02-28 14:02:00",0.0,55.6,61.7,78.7,58.6,49.7,0,0,0
"2021-02-28 14:03:00",0.0,55.9,62.2,80.9,58.2,51.5,0,0,0
"2021-02-28 14:04:00",0.0,54.0,59.2,76.3,56.3,51.1,0,0,0
"2021-02-28 14:05:00",0.0,53.7,58.8,77.9,55.8,50.5,0,0,0
"2021-02-28 14:06:00",0.0,55.8,60.5,78.3,58.7,51.7,0,0,0
"2021-02-28 14:07:00",0.0,56.0,60.9,77.8,58.5,50.4,0,0,0
"2021-02-28 14:08:00",0.0,55.4,59.4,79.4,57.9,51.5,0,0,0
"2021-02-28 14:09:00",0.0,56.3,63.9,78.1,58.5,53.3,0,0,0
"2021-02-28 14:10:00",0.0,54.4,60.4,77.2,56.9,49.5,0,0,0
"2021-02-28 14:11:00",0.0,56.2,60.5,78.8,58.5,52.8,0,0,0
"2021-02-28 14:12:00",0.0,54.6,59.0,76.9,56.8,51.8,0,0,0
"2021-02-28 14:13:00",0.0,55.9,60.1,78.6,58.1,53.6,0,0,0
"2021-02-28 14:14:00",0.0,54.3,59.4,75.5,56.9,50.3,0,0,0
"2021-02-28 14:15:00",0.0,54.2,58.8,79.3,56.3,51.2,0,0,0
"2021-02-28 14:16:00",0.0,54.1,59.7,76.8,55.9,50.7,0,0,0
"2021-02-28 14:17:00",0.0,55.5,60.8,77.2,57.6,51.5,0,0,0
"2021-02-28 14:18:00",0.0,54.3,59.1,76.2,56.2,50.4,0,0,0
"2021-02-28 14:19:00",0.0,54.3,59.5,76.3,57.2,48.7,0,0,0
"2021-02-28 14:20:00",0.0,54.5,59.8,76.3,56.8,50.3,0,0,0
"2021-02-28 14:21:00",0.0,54.0,58.3,76.9,56.4,50.4,0,0,0
"2021-02-28 14:22:00",0.0,55.1,57.7,77.1,56.9,52.2,0,0,0
"2021-02-28 14:23:00",0.0,60.0,69.6,101.7,63.7,50.5,0,0,0
"2021-02-28 14:24:00",0.0,55.2,61.5,80.2,57.4,50.8,0,0,0
"2021-02-28 14:25:00",0.0,58.2,72.3,87.2,58.8,52.7,0,0,0
"2021-02-28 14:26:00",0.0,57.2,70.3,87.4,58.5,52.6,0,0,0
"2021-02-28 14:27:00",0.0,60.4,74.4,92.7,63.3,54.1,0,0,0
"2021-02-28 14:28:00",0.0,54.2,61.4,78.9,57.1,49.8,0,0,0
"2021-02-28 14:29:00",0.0,58.6,70.6,86.2,60.6,52.2,0,0,0
"2021-02-28 14:30:00",0.0,57.4,60.5,80.8,59.3,54.9,0,0,0
"2021-02-28 14:31:00",0.0,54.3,60.0,79.5,57.3,48.0,0,0,0
"2021-02-28 14:32:00",0.0,55.5,59.6,76.0,57.7,51.7,0,0,0
"2021-02-28 14:33:00",0.0,55.6,59.8,79.1,58.0,51.6,0,0,0
"2021-02-28 14:34:00",0.0,56.2,61.7,81.6,58.9,51.8,0,0,0
"2021-02-28 14:35:00",0.0,60.9,65.3,83.7,62.1,58.9,0,0,0
"2021-02-28 14:36:00",0.0,57.9,63.6,93.0,60.8,52.4,0,0,0
"2021-02-28 14:37:00",0.0,56.3,69.5,89.7,58.5,51.6,0,0,0
"2021-02-28 14:38:00",0.0,55.2,58.6,79.3,57.0,52.2,0,0,0
"2021-02-28 14:39:00",0.0,53.1,57.0,78.2,55.3,49.2,0,0,0
"2021-02-28 14:40:00",0.0,54.8,58.7,77.8,57.1,51.4,0,0,0
"2021-02-28 14:41:00",0.0,54.9,61.5,76.1,57.4,50.7,0,0,0
"2021-02-28 14:42:00",0.0,54.6,59.2,76.3,57.0,51.4,0,0,0
"2021-02-28 14:43:00",0.0,54.0,59.4,74.9,56.4,50.2,0,0,0
"2021-02-28 14:44:00",0.0,55.5,59.0,77.5,57.6,51.6,0,0,0
"2021-02-28 14:45:00",0.0,56.1,61.1,76.9,57.8,53.2,0,0,0
"2021-02-28 14:46:00",0.0,54.6,60.4,77.7,57.0,51.4,0,0,0
"2021-02-28 14:47:00",0.0,54.9,59.9,77.0,57.9,50.4,0,0,0
"2021-02-28 14:48:00",0.0,56.8,65.3,86.7,59.0,53.3,0,0,0
"2021-02-28 14:49:00",0.0,59.5,70.4,88.1,62.4,51.9,0,0,0
"2021-02-28 14:50:00",0.0,55.6,60.4,81.3,58.2,51.7,0,0,0
"2021-02-28 14:51:00",0.0,55.6,60.2,76.9,58.4,51.4,0,0,0
"2021-02-28 14:52:00",0.0,56.8,62.3,76.4,59.5,52.5,0,0,0
"2021-02-28 14:53:00",0.0,54.6,59.5,75.4,57.2,49.0,0,0,0
"2021-02-28 14:54:00",0.0,53.6,58.0,73.3,55.4,49.9,0,0,0
"2021-02-28 14:55:00",0.0,56.4,61.8,79.1,58.8,53.1,0,0,0
"2021-02-28 14:56:00",0.0,56.6,64.9,84.7,58.6,51.6,0,0,0
"2021-02-28 14:57:00",0.0,56.3,59.9,77.5,58.0,54.2,0,0,0
"2021-02-28 14:58:00",0.0,55.1,60.9,77.6,56.7,52.4,0,0,0
"2021-02-28 14:59:00",0.0,54.9,59.5,78.7,58.1,49.3,0,0,0
"2021-02-28 15:00:00",0.0,56.1,67.3,84.0,58.4,50.0,0,0,0
"2021-02-28 15:01:00",0.0,55.7,61.5,76.7,58.3,50.6,0,0,0
"2021-02-28 15:02:00",0.0,56.5,61.8,77.1,58.8,53.0,0,0,0
"2021-02-28 15:03:00",0.0,54.8,59.5,77.2,57.4,51.1,0,0,0
"2021-02-28 15:04:00",0.0,53.8,57.5,76.5,55.8,50.0,0,0,0
"2021-02-28 15:05:00",0.0,56.1,61.4,77.7,57.8,53.4,0,0,0
"2021-02-28 15:06:00",0.0,54.6,59.7,76.7,57.1,49.8,0,0,0
"2021-02-28 15:07:00",0.0,54.2,59.1,76.4,56.1,51.3,0,0,0
"2021-02-28 15:08:00",0.0,55.7,59.6,76.9,57.6,53.4,0,0,0
"2021-02-28 15:09:00",0.0,57.3,67.2,84.2,59.5,53.3,0,0,0
"2021-02-28 15:10:00",0.0,56.0,60.1,76.7,58.5,50.8,0,0,0
"2021-02-28 15:11:00",0.0,55.8,62.8,80.4,58.2,51.5,0,0,0
"2021-02-28 15:12:00",0.0,55.2,62.9,78.5,57.3,51.5,0,0,0
"2021-02-28 15:13:00",0.0,54.5,60.7,78.9,56.7,52.0,0,0,0
"2021-02-28 15:14:00",0.0,55.4,59.6,77.9,58.0,51.3,0,0,0
"2021-02-28 15:15:00",0.0,53.7,58.9,76.0,56.5,49.6,0,0,0
"2021-02-28 15:16:00",0.0,55.3,60.6,78.5,57.1,52.9,0,0,0
"2021-02-28 15:17:00",0.0,54.9,59.8,76.8,57.4,50.3,0,0,0
"2021-02-28 15:18:00",0.0,52.3,57.0,74.4,55.0,48.6,0,0,0
"2021-02-28 15:19:00",0.0,55.6,60.7,76.5,57.8,51.3,0,0,0
"2021-02-28 15:20:00",0.0,56.0,60.3,76.4,58.7,51.8,0,0,0
"2021-02-28 15:21:00",0.0,54.5,59.4,78.5,56.7,51.7,0,0,0
"2021-02-28 15:22:00",0.0,55.4,66.0,90.0,58.1,51.7,0,0,0
"2021-02-28 15:23:00",0.0,56.4,61.9,80.9,58.6,52.9,0,0,0
"2021-02-28 15:24:00",0.0,55.4,58.7,78.5,57.5,52.4,0,0,0
"2021-02-28 15:25:00",0.0,55.0,58.1,76.6,56.6,52.9,0,0,0
"2021-02-28 15:26:00",0.0,56.4,60.5,77.3,58.6,53.6,0,0,0
"2021-02-28 15:27:00",0.0,57.3,62.6,78.4,60.0,52.4,0,0,0
"2021-02-28 15:28:00",0.0,55.2,62.0,82.5,57.7,52.2,0,0,0
"2021-02-28 15:29:00",0.0,55.7,64.5,84.5,58.0,50.5,0,0,0
"2021-02-28 15:30:00",0.0,61.0,73.6,88.9,63.2,52.6,0,0,0
"2021-02-28 15:31:00",0.0,59.0,68.8,86.3,63.5,51.0,0,0,0
"2021-02-28 15:32:00",0.0,54.7,62.4,88.7,56.9,51.2,0,0,0
"2021-02-28 15:33:00",0.0,55.5,61.1,79.2,57.8,51.9,0,0,0
"2021-02-28 15:34:00",0.0,54.9,59.8,79.7,57.2,52.2,0,0,0
"2021-02-28 15:35:00",0.0,55.4,64.0,87.6,58.3,51.2,0,0,0
"2021-02-28 15:36:00",0.0,56.9,61.2,77.8,59.0,53.5,0,0,0
"2021-02-28 15:37:00",0.0,55.9,59.0,78.8,57.8,52.4,0,0,0
"2021-02-28 15:38:00",0.0,55.1,59.0,84.6,57.3,51.5,0,0,0
"2021-02-28 15:39:00",0.0,54.1,59.6,78.9,56.6,50.8,0,0,0
"2021-02-28 15:40:00",0.0,56.6,65.0,86.9,58.3,53.2,0,0,0
"2021-02-28 15:41:00",0.0,57.2,64.4,90.7,59.8,52.4,0,0,0
"2021-02-28 15:42:00",0.0,58.9,67.0,85.5,61.0,55.0,0,0,0
"2021-02-28 15:43:00",0.0,55.6,61.6,79.2,57.7,52.4,0,0,0
"2021-02-28 15:44:00",0.0,54.8,60.2,77.9,57.5,48.3,0,0,0
"2021-02-28 15:45:00",0.0,55.6,60.4,79.3,58.5,51.1,0,0,0
"2021-02-28 15:46:00",0.0,54.4,61.6,76.6,57.5,49.8,0,0,0
"2021-02-28 15:47:00",0.0,56.0,61.8,77.7,57.9,52.9,0,0,0
"2021-02-28 15:48:00",0.0,55.6,59.7,76.8,57.8,52.2,0,0,0
"2021-02-28 15:49:00",0.0,56.0,60.7,80.4,58.4,52.6,0,0,0
"2021-02-28 15:50:00",0.0,56.5,62.1,83.0,59.9,51.1,0,0,0
"2021-02-28 15:51:00",0.0,55.0,59.1,77.6,57.5,50.4,0,0,0
"2021-02-28 15:52:00",0.0,54.6,58.9,74.3,57.2,49.8,0,0,0
"2021-02-28 15:53:00",0.0,53.9,58.5,78.8,56.6,50.6,0,0,0
"2021-02-28 15:54:00",0.0,54.5,61.0,75.6,57.1,50.2,0,0,0
"2021-02-28 15:55:00",0.0,55.8,59.9,77.7,58.4,51.6,0,0,0
"2021-02-28 15:56:00",0.0,56.7,60.4,78.0,58.7,52.9,0,0,0
"2021-02-28 15:57:00",0.0,54.6,60.5,76.8,58.4,50.7,0,0,0
"2021-02-28 15:58:00",0.0,55.3,60.3,76.3,56.9,52.9,0,0,0
"2021-02-28 15:59:00",0.0,56.3,65.9,80.7,58.1,51.2,0,0,0
"2021-02-28 16:00:00",0.0,55.9,60.9,78.0,57.9,53.4,0,0,0
"2021-02-28 16:01:00",0.0,55.3,59.9,85.0,58.2,50.0,0,0,0
"2021-02-28 16:02:00",0.0,54.9,66.8,85.9,57.6,50.1,0,0,0
"2021-02-28 16:03:00",0.0,53.7,57.8,73.7,55.5,50.8,0,0,0
"2021-02-28 16:04:00",0.0,56.6,61.8,81.2,59.6,51.6,0,0,0
"2021-02-28 16:05:00",0.0,56.4,66.1,83.6,59.1,50.4,0,0,0
"2021-02-28 16:06:00",0.0,54.0,58.1,76.0,56.5,49.6,0,0,0
"2021-02-28 16:07:00",0.0,56.3,62.2,79.6,58.6,51.8,0,0,0
"2021-02-28 16:08:00",0.0,54.3,58.3,75.5,56.4,50.7,0,0,0
"2021-02-28 16:09:00",0.0,55.5,59.9,76.0,57.7,52.8,0,0,0
"2021-02-28 16:10:00",0.0,57.0,61.5,77.0,60.0,52.8,0,0,0
"2021-02-28 16:11:00",0.0,54.4,59.1,77.0,56.8,51.0,0,0,0
"2021-02-28 16:12:00",0.0,54.7,59.1,75.7,57.0,50.9,0,0,0
"2021-02-28 16:13:00",0.0,55.4,62.8,93.1,58.3,49.8,0,0,0
"2021-02-28 16:14:00",0.0,55.4,61.1,92.3,57.3,52.9,0,0,0
"2021-02-28 16:15:00",0.0,56.3,63.4,95.1,58.4,52.5,0,0,0
"2021-02-28 16:16:00",0.0,54.5,59.3,80.2,56.4,52.2,0,0,0
"2021-02-28 16:17:00",0.0,55.4,59.6,78.2,57.3,52.0,0,0,0
"2021-02-28 16:18:00",0.0,53.9,62.2,90.5,56.5,49.8,0,0,0
"2021-02-28 16:19:00",0.0,55.1,59.2,78.6,57.8,51.1,0,0,0
"2021-02-28 16:20:00",0.0,54.6,59.0,79.9,56.9,51.3,0,0,0
"2021-02-28 16:21:00",0.0,54.4,60.9,77.0,57.6,50.0,0,0,0
"2021-02-28 16:22:00",0.0,55.2,60.0,77.2,57.9,50.8,0,0,0
"2021-02-28 16:23:00",0.0,54.9,58.8,79.1,57.2,50.0,0,0,0
"2021-02-28 16:24:00",0.0,56.0,61.3,82.5,58.8,51.4,0,0,0
"2021-02-28 16:25:00",0.0,56.8,64.7,78.2,59.1,51.8,0,0,0
"2021-02-28 16:26:00",0.0,52.1,57.0,74.7,54.8,49.0,0,0,0
"2021-02-28 16:27:00",0.0,55.4,60.9,81.6,58.4,50.4,0,0,0
"2021-02-28 16:28:00",0.0,53.1,58.3,74.2,55.7,48.9,0,0,0
"2021-02-28 16:29:00",0.0,56.1,60.5,76.3,58.5,51.9,0,0,0
"2021-02-28 16:30:00",0.0,53.1,59.9,73.5,56.0,49.6,0,0,0
"2021-02-28 16:31:00",0.0,55.1,59.2,77.2,57.0,52.0,0,0,0
"2021-02-28 16:32:00",0.0,54.9,60.6,76.7,57.5,49.8,0,0,0
"2021-02-28 16:33:00",0.0,56.3,61.4,76.3,58.4,53.5,0,0,0
"2021-02-28 16:34:00",0.0,56.3,60.2,77.0,58.8,53.7,0,0,0
"2021-02-28 16:35:00",0.0,53.5,59.9,75.2,56.4,49.7,0,0,0
"2021-02-28 16:36:00",0.0,53.9,59.4,77.5,57.2,48.9,0,0,0
"2021-02-28 16:37:00",0.0,54.4,59.3,77.8,56.9,48.1,0,0,0
"2021-02-28 16:38:00",0.0,56.7,61.5,78.2,59.8,52.7,0,0,0
"2021-02-28 16:39:00",0.0,54.5,59.4,77.4,56.9,51.6,0,0,0
"2021-02-28 16:40:00",0.0,55.8,60.9,77.4,58.2,52.8,0,0,0
"2021-02-28 16:41:00",0.0,54.1,60.4,77.2,56.7,50.2,0,0,0
"2021-02-28 16:42:00",0.0,63.2,81.4,102.8,66.4,49.3,0,0,0
"2021-02-28 16:43:00",0.0,55.4,63.1,78.5,58.2,51.4,0,0,0
"2021-02-28 16:44:00",0.0,56.9,60.7,80.3,58.7,54.6,0,0,0
"2021-02-28 16:45:00",0.0,55.0,60.2,77.7,58.4,51.5,0,0,0
"2021-02-28 16:46:00",0.0,53.1,57.8,75.0,55.8,49.8,0,0,0
"2021-02-28 16:47:00",0.0,55.5,59.9,75.7,57.5,52.4,0,0,0
"2021-02-28 16:48:00",0.0,55.8,60.8,76.0,58.2,50.2,0,0,0
"2021-02-28 16:49:00",0.0,55.8,62.0,79.5,59.4,48.9,0,0,0
"2021-02-28 16:50:00",0.0,54.8,59.4,74.7,56.6,51.6,0,0,0
"2021-02-28 16:51:00",0.0,53.8,58.7,76.4,56.2,50.2,0,0,0
"2021-02-28 16:52:00",0.0,56.0,60.1,78.9,58.3,52.2,0,0,0
"2021-02-28 16:53:00",0.0,55.2,59.4,76.1,57.5,51.4,0,0,0
"2021-02-28 16:54:00",0.0,53.9,59.2,79.5,56.1,50.5,0,0,0
"2021-02-28 16:55:00",0.0,53.5,59.1,75.6,56.6,49.5,0,0,0
"2021-02-28 16:56:00",0.0,54.7,60.7,76.8,58.1,50.6,0,0,0
"2021-02-28 16:57:00",0.0,54.0,58.4,74.7,56.4,50.5,0,0,0
"2021-02-28 16:58:00",0.0,54.7,60.5,75.6,57.4,49.6,0,0,0
"2021-02-28 16:59:00",0.0,54.6,57.8,75.9,56.5,51.3,0,0,0
"2021-02-28 17:00:00",0.0,54.9,60.6,78.2,58.3,49.1,0,0,0
"2021-02-28 17:01:00",0.0,53.5,58.9,80.2,56.0,50.3,0,0,0
"2021-02-28 17:02:00",0.0,53.1,59.1,74.2,55.2,50.5,0,0,0
"2021-02-28 17:03:00",0.0,55.9,61.5,76.8,57.7,52.7,0,0,0
"2021-02-28 17:04:00",0.0,55.8,61.7,75.4,58.9,52.0,0,0,0
"2021-02-28 17:05:00",0.0,55.3,62.7,78.1,58.5,51.2,0,0,0
"2021-02-28 17:06:00",0.0,55.0,60.8,78.2,58.8,50.7,0,0,0
"2021-02-28 17:07:00",0.0,55.3,59.0,75.3,57.3,52.0,0,0,0
"2021-02-28 17:08:00",0.0,54.2,60.3,76.9,57.3,48.9,0,0,0
"2021-02-28 17:09:00",0.0,54.1,60.3,77.4,57.4,49.6,0,0,0
"2021-02-28 17:10:00",0.0,56.0,60.6,76.9,58.9,52.7,0,0,0
"2021-02-28 17:11:00",0.0,54.4,59.8,76.3,56.7,51.0,0,0,0
"2021-02-28 17:12:00",0.0,56.2,60.0,78.5,58.2,53.6,0,0,0
"2021-02-28 17:13:00",0.0,53.3,58.3,73.3,55.7,49.6,0,0,0
"2021-02-28 17:14:00",0.0,55.4,59.2,77.7,57.5,51.8,0,0,0
"2021-02-28 17:15:00",0.0,54.6,59.7,76.0,57.6,49.8,0,0,0
"2021-02-28 17:16:00",0.0,55.7,59.8,77.2,57.8,52.6,0,0,0
"2021-02-28 17:17:00",0.0,52.0,57.5,75.9,55.0,48.9,0,0,0
"2021-02-28 17:18:00",0.0,52.0,58.3,75.2,54.8,48.8,0,0,0
"2021-02-28 17:19:00",0.0,56.9,61.4,80.0,58.9,51.6,0,0,0
"2021-02-28 17:20:00",0.0,53.4,60.1,76.3,56.9,48.2,0,0,0
"2021-02-28 17:21:00",0.0,53.4,60.7,75.4,56.8,48.6,0,0,0
"2021-02-28 17:22:00",0.0,53.5,58.6,73.8,55.8,50.5,0,0,0
"2021-02-28 17:23:00",0.0,55.5,61.3,76.5,58.0,50.7,0,0,0
"2021-02-28 17:24:00",0.0,54.3,58.9,74.9,56.9,49.9,0,0,0
"2021-02-28 17:25:00",0.0,53.6,58.0,74.1,56.4,50.1,0,0,0
"2021-02-28 17:26:00",0.0,54.0,58.0,75.9,56.0,50.7,0,0,0
"2021-02-28 17:27:00",0.0,54.2,59.3,76.8,56.8,50.1,0,0,0
"2021-02-28 17:28:00",0.0,54.7,59.5,74.7,57.3,51.2,0,0,0
"2021-02-28 17:29:00",0.0,55.6,59.7,76.3,57.8,48.4,0,0,0
"2021-02-28 17:30:00",0.0,54.4,59.8,75.6,57.9,49.0,0,0,0
"2021-02-28 17:31:00",0.0,55.1,60.2,75.8,58.0,49.8,0,0,0
"2021-02-28 17:32:00",0.0,54.5,60.2,75.5,56.8,50.6,0,0,0
"2021-02-28 17:33:00",0.0,55.4,62.2,77.6,58.2,50.5,0,0,0
"2021-02-28 17:34:00",0.0,51.9,57.2,72.0,54.3,48.8,0,0,0
"2021-02-28 17:35:00",0.0,55.1,64.8,78.0,58.5,49.1,0,0,0
"2021-02-28 17:36:00",0.0,54.1,58.8,77.8,56.5,50.7,0,0,0
"2021-02-28 17:37:00",0.0,54.5,60.9,75.6,57.5,50.9,0,0,0
"2021-02-28 17:38:00",0.0,54.2,60.3,76.7,57.6,50.0,0,0,0
"2021-02-28 17:39:00",0.0,53.3,58.0,76.9,55.4,50.3,0,0,0
"2021-02-28 17:40:00",0.0,53.7,59.0,74.4,56.4,50.5,0,0,0
"2021-02-28 17:41:00",0.0,54.6,62.6,82.7,57.0,50.2,0,0,0
"2021-02-28 17:42:00",0.0,54.9,59.4,77.8,56.6,51.9,0,0,0
"2021-02-28 17:43:00",0.0,57.5,62.0,78.0,59.5,52.7,0,0,0
"2021-02-28 17:44:00",0.0,52.9,56.3,73.4,54.4,50.9,0,0,0
"2021-02-28 17:45:00",0.0,54.4,59.1,77.7,56.9,50.8,0,0,0
"2021-02-28 17:46:00",0.0,54.5,58.1,76.0,56.4,51.8,0,0,0
"2021-02-28 17:47:00",0.0,54.7,59.4,75.4,57.4,50.9,0,0,0
"2021-02-28 17:48:00",0.0,54.0,58.4,74.9,56.2,50.7,0,0,0
"2021-02-28 17:49:00",0.0,54.7,60.5,76.2,57.7,50.6,0,0,0
"2021-02-28 17:50:00",0.0,55.4,59.8,76.1,57.9,50.6,0,0,0
"2021-02-28 17:51:00",0.0,53.4,60.1,74.1,56.4,48.6,0,0,0
"2021-02-28 17:52:00",0.0,50.9,55.7,74.4,53.2,48.1,0,0,0
"2021-02-28 17:53:00",0.0,52.1,59.5,75.0,54.5,48.8,0,0,0
"2021-02-28 17:54:00",0.0,55.3,59.0,76.1,57.4,51.2,0,0,0
"2021-02-28 17:55:00",0.0,54.4,59.5,78.1,57.5,49.6,0,0,0
"2021-02-28 17:56:00",0.0,53.1,58.8,74.8,55.8,49.2,0,0,0
"2021-02-28 17:57:00",0.0,56.5,65.0,79.8,58.9,51.0,0,0,0
"2021-02-28 17:58:00",0.0,54.3,58.9,75.1,56.8,50.2,0,0,0
"2021-02-28 17:59:00",0.0,54.9,60.4,75.0,57.2,50.8,0,0,0
"2021-02-28 18:00:00",0.0,55.1,61.0,75.9,57.8,51.1,0,0,0
"2021-02-28 18:01:00",0.0,52.2,59.0,73.8,54.7,49.6,0,0,0
"2021-02-28 18:02:00",0.0,52.7,59.9,73.1,55.1,49.4,0,0,0
"2021-02-28 18:03:00",0.0,53.8,58.9,77.5,56.7,50.2,0,0,0
"2021-02-28 18:04:00",0.0,55.1,59.7,75.3,57.4,51.2,0,0,0
"2021-02-28 18:05:00",0.0,54.7,60.3,75.9,57.8,49.2,0,0,0
"2021-02-28 18:06:00",0.0,53.8,60.0,76.1,57.8,49.6,0,0,0
"2021-02-28 18:07:00",0.0,54.7,60.3,75.8,57.1,49.5,0,0,0
"2021-02-28 18:08:00",0.0,52.4,59.4,76.0,55.1,49.3,0,0,0
"2021-02-28 18:09:00",0.0,52.4,57.2,73.1,55.3,49.4,0,0,0
"2021-02-28 18:10:00",0.0,54.7,61.2,78.1,57.5,50.9,0,0,0
"2021-02-28 18:11:00",0.0,54.3,59.6,75.4,56.7,50.0,0,0,0
"2021-02-28 18:12:00",0.0,54.9,59.3,77.3,57.6,51.7,0,0,0
"2021-02-28 18:13:00",0.0,57.8,70.6,90.7,60.8,50.2,0,0,0
"2021-02-28 18:14:00",0.0,55.3,60.9,78.5,58.5,51.3,0,0,0
"2021-02-28 18:15:00",0.0,55.4,62.9,83.4,59.1,49.4,0,0,0
"2021-02-28 18:16:00",0.0,54.6,60.9,74.8,57.2,51.0,0,0,0
"2021-02-28 18:17:00",0.0,56.9,61.2,80.8,59.0,52.7,0,0,0
"2021-02-28 18:18:00",0.0,54.3,61.1,76.8,56.9,51.6,0,0,0
"2021-02-28 18:19:00",0.0,55.8,61.1,79.3,58.4,51.6,0,0,0
"2021-02-28 18:20:00",0.0,54.3,61.6,75.7,56.7,51.2,0,0,0
"2021-02-28 18:21:00",0.0,54.5,60.1,75.8,57.3,50.7,0,0,0
"2021-02-28 18:22:00",0.0,57.4,75.7,94.7,60.8,48.7,0,0,0
"2021-02-28 18:23:00",0.0,51.6,56.3,72.9,54.3,48.9,0,0,0
"2021-02-28 18:24:00",0.0,54.2,59.5,74.8,57.1,48.5,0,0,0
"2021-02-28 18:25:00",0.0,53.0,57.7,74.3,55.5,49.6,0,0,0
"2021-02-28 18:26:00",0.0,53.7,59.7,74.4,56.6,50.2,0,0,0
"2021-02-28 18:27:00",0.0,53.4,59.7,75.8,56.9,49.3,0,0,0
"2021-02-28 18:28:00",0.0,55.9,60.4,78.1,57.6,53.7,0,0,0
"2021-02-28 18:29:00",0.0,54.3,59.8,75.8,56.7,51.0,0,0,0
"2021-02-28 18:30:00",0.0,54.2,62.4,77.3,56.6,50.4,0,0,0
"2021-02-28 18:31:00",0.0,54.4,58.8,76.5,56.5,51.5,0,0,0
"2021-02-28 18:32:00",0.0,53.8,60.7,74.3,56.2,50.6,0,0,0
"2021-02-28 18:33:00",0.0,53.2,59.0,76.5,56.5,49.5,0,0,0
"2021-02-28 18:34:00",0.0,55.5,61.7,77.9,58.3,51.1,0,0,0
"2021-02-28 18:35:00",0.0,53.2,58.3,75.7,55.0,50.7,0,0,0
"2021-02-28 18:36:00",0.0,53.4,59.7,74.2,56.1,48.3,0,0,0
"2021-02-28 18:37:00",0.0,54.2,63.0,83.6,57.2,49.9,0,0,0
"2021-02-28 18:38:00",0.0,65.4,75.4,92.7,69.6,51.3,0,0,0
"2021-02-28 18:39:00",0.0,55.4,61.4,76.9,57.4,51.8,0,0,0
"2021-02-28 18:40:00",0.0,54.1,60.2,77.5,57.4,49.1,0,0,0
"2021-02-28 18:41:00",0.0,53.0,60.1,78.3,56.4,50.0,0,0,0
"2021-02-28 18:42:00",0.0,54.1,59.8,77.5,56.4,51.2,0,0,0
"2021-02-28 18:43:00",0.0,55.0,61.0,77.7,58.4,49.7,0,0,0
"2021-02-28 18:44:00",0.0,53.4,59.0,74.7,56.7,49.6,0,0,0
"2021-02-28 18:45:00",0.0,56.0,60.0,76.5,58.1,52.4,0,0,0
"2021-02-28 18:46:00",0.0,54.0,58.5,75.4,56.4,50.6,0,0,0
"2021-02-28 18:47:00",0.0,53.1,58.6,78.1,55.7,50.4,0,0,0
"2021-02-28 18:48:00",0.0,53.6,61.2,86.9,56.9,48.9,0,0,0
"2021-02-28 18:49:00",0.0,53.2,60.9,76.0,56.2,50.2,0,0,0
"2021-02-28 18:50:00",0.0,55.8,58.8,78.5,57.6,52.8,0,0,0
"2021-02-28 18:51:00",0.0,55.0,59.9,77.2,57.7,51.8,0,0,0
"2021-02-28 18:52:00",0.0,54.0,59.3,75.3,56.9,51.5,0,0,0
"2021-02-28 18:53:00",0.0,55.6,60.9,77.5,58.8,51.8,0,0,0
"2021-02-28 18:54:00",0.0,55.1,61.1,76.1,58.5,51.9,0,0,0
"2021-02-28 18:55:00",0.0,53.9,58.7,76.2,56.3,51.9,0,0,0
"2021-02-28 18:56:00",0.0,55.0,60.2,78.8,57.7,52.1,0,0,0
"2021-02-28 18:57:00",0.0,55.8,62.4,78.0,59.3,51.3,0,0,0
"2021-02-28 18:58:00",0.0,55.5,60.5,84.6,57.7,51.9,0,0,0
"2021-02-28 18:59:00",0.0,55.6,61.0,78.9,57.7,52.6,0,0,0
"2021-02-28 19:00:00",0.0,54.8,60.0,77.6,56.9,52.1,0,0,0
"2021-02-28 19:01:00",0.0,53.8,58.9,75.8,56.3,50.1,0,0,0
"2021-02-28 19:02:00",0.0,53.8,57.6,75.0,55.5,52.0,0,0,0
"2021-02-28 19:03:00",0.0,55.5,60.1,76.2,57.6,53.0,0,0,0
"2021-02-28 19:04:00",0.0,53.9,61.0,79.3,56.8,49.5,0,0,0
"2021-02-28 19:05:00",0.0,53.7,60.9,74.9,57.4,48.3,0,0,0
"2021-02-28 19:06:00",0.0,54.8,61.3,77.5,57.3,51.8,0,0,0
"2021-02-28 19:07:00",0.0,54.8,60.0,82.2,57.3,52.1,0,0,0
"2021-02-28 19:08:00",0.0,58.2,64.1,79.8,61.0,55.4,0,0,0
"2021-02-28 19:09:00",0.0,55.3,58.7,76.8,56.9,53.7,0,0,0
"2021-02-28 19:10:00",0.0,55.2,61.2,78.8,58.1,51.7,0,0,0
"2021-02-28 19:11:00",0.0,54.9,59.9,77.7,57.2,51.8,0,0,0
"2021-02-28 19:12:00",0.0,56.1,60.8,77.4,58.3,53.4,0,0,0
"2021-02-28 19:13:00",0.0,54.2,59.6,78.2,56.2,51.2,0,0,0
"2021-02-28 19:14:00",0.0,53.9,57.6,75.8,55.5,51.7,0,0,0
"2021-02-28 19:15:00",0.0,54.1,58.6,75.6,56.5,51.2,0,0,0
"2021-02-28 19:16:00",0.0,54.5,58.2,75.7,56.7,51.0,0,0,0
"2021-02-28 19:17:00",0.0,54.0,58.1,75.3,56.4,50.8,0,0,0
"2021-02-28 19:18:00",0.0,52.5,58.1,74.4,54.9,50.1,0,0,0
"2021-02-28 19:19:00",0.0,52.9,59.5,73.9,55.5,49.6,0,0,0
"2021-02-28 19:20:00",0.0,52.3,59.0,75.1,55.6,48.1,0,0,0
"2021-02-28 19:21:00",0.0,52.8,61.8,77.6,55.7,48.1,0,0,0
"2021-02-28 19:22:00",0.0,55.3,60.6,80.2,57.8,51.9,0,0,0
"2021-02-28 19:23:00",0.0,55.6,63.0,83.7,58.7,51.1,0,0,0
"2021-02-28 19:24:00",0.0,53.8,60.6,80.4,56.8,48.0,0,0,0
"2021-02-28 19:25:00",0.0,51.9,59.3,74.3,55.9,48.0,0,0,0
"2021-02-28 19:26:00",0.0,52.5,60.9,73.7,56.7,48.9,0,0,0
"2021-02-28 19:27:00",0.0,53.7,60.0,75.0,56.8,49.6,0,0,0
"2021-02-28 19:28:00",0.0,55.5,59.9,77.7,57.9,51.0,0,0,0
"2021-02-28 19:29:00",0.0,53.4,58.3,73.4,55.4,51.0,0,0,0
"2021-02-28 19:30:00",0.0,53.2,59.3,78.5,56.5,49.3,0,0,0
"2021-02-28 19:31:00",0.0,52.3,58.7,73.5,54.4,49.6,0,0,0
"2021-02-28 19:32:00",0.0,53.1,59.0,75.9,56.7,49.5,0,0,0
"2021-02-28 19:33:00",0.0,52.2,57.3,75.5,54.5,49.9,0,0,0
"2021-02-28 19:34:00",0.0,53.0,58.3,81.3,55.6,49.5,0,0,0
"2021-02-28 19:35:00",0.0,54.1,60.6,77.2,57.4,49.2,0,0,0
"2021-02-28 19:36:00",0.0,51.9,57.0,75.6,54.7,48.7,0,0,0
"2021-02-28 19:37:00",0.0,53.7,60.9,77.0,57.3,49.3,0,0,0
"2021-02-28 19:38:00",0.0,53.9,59.8,75.9,56.1,50.9,0,0,0
"2021-02-28 19:39:00",0.0,52.3,56.2,74.4,54.2,50.3,0,0,0
"2021-02-28 19:40:00",0.0,54.4,58.9,77.9,56.9,51.0,0,0,0
"2021-02-28 19:41:00",0.0,53.8,58.7,79.2,56.3,50.5,0,0,0
"2021-02-28 19:42:00",0.0,54.9,59.5,76.6,57.4,51.6,0,0,0
"2021-02-28 19:43:00",0.0,54.3,60.2,75.6,56.2,51.2,0,0,0
"2021-02-28 19:44:00",0.0,55.8,63.3,78.8,58.6,51.0,0,0,0
"2021-02-28 19:45:00",0.0,55.3,62.8,79.4,58.3,50.2,0,0,0
"2021-02-28 19:46:00",0.0,54.2,60.2,75.0,57.4,50.2,0,0,0
"2021-02-28 19:47:00",0.0,54.1,60.7,76.6,57.7,49.5,0,0,0
"2021-02-28 19:48:00",0.0,62.1,75.9,91.1,65.9,49.9,0,0,0
"2021-02-28 19:49:00",0.0,54.4,60.4,80.2,57.2,50.9,0,0,0
"2021-02-28 19:50:00",0.0,53.3,60.8,76.1,57.0,49.0,0,0,0
"2021-02-28 19:51:00",0.0,52.2,57.1,73.5,54.6,48.6,0,0,0
"2021-02-28 19:52:00",0.0,53.2,60.9,82.7,56.1,50.2,0,0,0
"2021-02-28 19:53:00",0.0,54.5,59.6,75.9,57.1,50.9,0,0,0
"2021-02-28 19:54:00",0.0,54.3,59.7,76.4,57.0,50.8,0,0,0
"2021-02-28 19:55:00",0.0,55.1,63.6,79.2,57.8,50.6,0,0,0
"2021-02-28 19:56:00",0.0,53.1,59.2,75.3,55.4,50.4,0,0,0
"2021-02-28 19:57:00",0.0,53.8,57.6,81.5,56.3,50.9,0,0,0
"2021-02-28 19:58:00",0.0,60.5,74.2,90.9,60.3,48.0,0,0,0
"2021-02-28 19:59:00",0.0,52.3,59.2,74.2,55.0,49.5,0,0,0
"2021-02-28 20:00:00",0.0,54.7,59.2,77.7,58.1,50.0,0,0,0
"2021-02-28 20:01:00",0.0,52.5,57.2,74.2,55.6,48.6,0,0,0
"2021-02-28 20:02:00",0.0,51.6,56.0,74.5,54.2,49.2,0,0,0
"2021-02-28 20:03:00",0.0,53.5,59.3,74.8,55.9,50.5,0,0,0
"2021-02-28 20:04:00",0.0,53.6,58.2,77.5,56.2,49.8,0,0,0
"2021-02-28 20:05:00",0.0,52.5,56.6,75.4,55.3,50.1,0,0,0
"2021-02-28 20:06:00",0.0,53.3,58.0,75.7,55.9,50.6,0,0,0
"2021-02-28 20:07:00",0.0,53.4,58.1,74.9,56.5,48.5,0,0,0
"2021-02-28 20:08:00",0.0,50.4,55.8,71.2,52.2,48.1,0,0,0
"2021-02-28 20:09:00",0.0,53.3,59.5,78.1,56.4,47.5,0,0,0
"2021-02-28 20:10:00",0.0,54.0,61.7,79.0,57.2,49.6,0,0,0
"2021-02-28 20:11:00",0.0,53.0,59.5,77.0,56.4,49.2,0,0,0
"2021-02-28 20:12:00",0.0,53.0,59.0,75.4,56.2,48.9,0,0,0
"2021-02-28 20:13:00",0.0,51.3,58.2,73.9,54.2,48.0,0,0,0
"2021-02-28 20:14:00",0.0,53.0,57.1,75.6,55.2,49.9,0,0,0
"2021-02-28 20:15:00",0.0,54.0,59.0,77.6,56.9,50.3,0,0,0
"2021-02-28 20:16:00",0.0,55.8,63.0,78.7,57.6,52.9,0,0,0
"2021-02-28 20:17:00",0.0,54.6,59.2,76.2,57.2,50.4,0,0,0
"2021-02-28 20:18:00",0.0,53.8,59.8,77.0,57.1,50.0,0,0,0
"2021-02-28 20:19:00",0.0,53.7,60.6,76.1,56.8,48.4,0,0,0
"2021-02-28 20:20:00",0.0,53.8,61.9,76.2,56.4,49.5,0,0,0
"2021-02-28 20:21:00",0.0,54.4,61.6,77.2,58.2,49.0,0,0,0
"2021-02-28 20:22:00",0.0,50.3,55.4,72.8,52.4,47.6,0,0,0
"2021-02-28 20:23:00",0.0,51.9,60.0,77.2,54.8,47.8,0,0,0
"2021-02-28 20:24:00",0.0,53.2,58.3,75.2,55.9,48.8,0,0,0
"2021-02-28 20:25:00",0.0,50.8,57.8,75.0,54.7,45.9,0,0,0
"2021-02-28 20:26:00",0.0,51.1,58.0,74.9,54.4,47.5,0,0,0
"2021-02-28 20:27:00",0.0,52.9,58.7,74.4,55.3,50.2,0,0,0
"2021-02-28 20:28:00",0.0,51.1,61.0,76.9,52.6,48.4,0,0,0
"2021-02-28 20:29:00",0.0,53.0,59.3,76.1,55.6,48.4,0,0,0
"2021-02-28 20:30:00",0.0,52.7,58.8,74.8,55.6,49.6,0,0,0
"2021-02-28 20:31:00",0.0,52.7,58.4,73.8,55.5,48.8,0,0,0
"2021-02-28 20:32:00",0.0,54.5,59.9,77.4,57.5,50.1,0,0,0
"2021-02-28 20:33:00",0.0,52.4,59.1,76.6,56.1,47.4,0,0,0
"2021-02-28 20:34:00",0.0,50.4,53.9,72.0,52.4,48.6,0,0,0
"2021-02-28 20:35:00",0.0,51.7,58.3,73.9,54.6,48.1,0,0,0
"2021-02-28 20:36:00",0.0,53.1,58.5,76.3,56.0,50.0,0,0,0
"2021-02-28 20:37:00",0.0,52.9,58.6,74.6,55.7,49.0,0,0,0
"2021-02-28 20:38:00",0.0,51.9,58.8,75.8,55.5,48.1,0,0,0
"2021-02-28 20:39:00",0.0,51.4,56.9,72.3,54.3,48.3,0,0,0
"2021-02-28 20:40:00",0.0,49.4,54.1,71.9,51.4,46.9,0,0,0
"2021-02-28 20:41:00",0.0,52.5,57.6,75.0,55.7,46.9,0,0,0
"2021-02-28 20:42:00",0.0,52.4,59.2,75.8,54.6,49.0,0,0,0
"2021-02-28 20:43:00",0.0,50.9,57.8,78.2,54.1,46.7,0,0,0
"2021-02-28 20:44:00",0.0,51.1,57.1,73.8,54.7,48.0,0,0,0
"2021-02-28 20:45:00",0.0,48.4,54.3,68.8,50.1,45.8,0,0,0
"2021-02-28 20:46:00",0.0,49.7,56.7,74.4,52.9,46.3,0,0,0
"2021-02-28 20:47:00",0.0,54.1,59.0,77.0,57.6,48.4,0,0,0
"2021-02-28 20:48:00",0.0,52.0,58.1,72.4,55.2,48.2,0,0,0
"2021-02-28 20:49:00",0.0,54.6,59.8,75.2,57.6,49.2,0,0,0
"2021-02-28 20:50:00",0.0,47.4,52.4,68.2,49.3,45.3,0,0,0
"2021-02-28 20:51:00",0.0,48.4,53.3,69.4,50.6,46.0,0,0,0
"2021-02-28 20:52:00",0.0,54.0,60.6,76.2,57.3,50.3,0,0,0
"2021-02-28 20:53:00",0.0,49.2,56.0,73.7,52.2,45.6,0,0,0
"2021-02-28 20:54:00",0.0,51.8,56.8,78.3,54.5,48.5,0,0,0
"2021-02-28 20:55:00",0.0,51.5,58.4,74.4,55.4,47.2,0,0,0
"2021-02-28 20:56:00",0.0,50.9,59.0,74.9,54.7,47.4,0,0,0
"2021-02-28 20:57:00",0.0,52.1,57.4,73.6,54.6,48.8,0,0,0
"2021-02-28 20:58:00",0.0,52.1,60.5,74.4,54.8,47.1,0,0,0
"2021-02-28 20:59:00",0.0,53.9,61.2,77.0,56.9,49.7,0,0,0
"2021-02-28 21:00:00",0.0,52.3,61.1,77.6,55.4,47.4,0,0,0
"2021-02-28 21:01:00",0.0,51.6,59.4,75.1,56.3,45.2,0,0,0
"2021-02-28 21:02:00",0.0,48.7,53.2,70.4,50.5,46.5,0,0,0
"2021-02-28 21:03:00",0.0,47.1,53.1,67.9,48.6,45.2,0,0,0
"2021-02-28 21:04:00",0.0,52.0,57.6,77.6,55.7,48.0,0,0,0
"2021-02-28 21:05:00",0.0,51.1,57.6,76.3,54.8,46.9,0,0,0
"2021-02-28 21:06:00",0.0,50.5,57.1,72.3,52.4,48.6,0,0,0
"2021-02-28 21:07:00",0.0,54.3,64.8,79.2,57.7,48.1,0,0,0
"2021-02-28 21:08:00",0.0,53.4,60.5,81.1,57.1,49.0,0,0,0
"2021-02-28 21:09:00",0.0,53.5,61.5,83.3,57.8,48.1,0,0,0
"2021-02-28 21:10:00",0.0,52.9,60.9,79.2,55.5,49.0,0,0,0
"2021-02-28 21:11:00",0.0,53.5,61.9,77.0,55.9,50.0,0,0,0
"2021-02-28 21:12:00",0.0,53.4,62.1,76.3,55.7,50.4,0,0,0
"2021-02-28 21:13:00",0.0,50.6,58.2,73.1,53.3,47.6,0,0,0
"2021-02-28 21:14:00",0.0,50.7,55.4,71.2,52.4,48.5,0,0,0
"2021-02-28 21:15:00",0.0,50.9,56.9,74.7,53.5,47.5,0,0,0
"2021-02-28 21:16:00",0.0,48.6,55.3,70.8,51.2,45.0,0,0,0
"2021-02-28 21:17:00",0.0,51.8,59.5,72.2,54.3,48.9,0,0,0
"2021-02-28 21:18:00",0.0,51.4,58.3,74.0,54.6,47.9,0,0,0
"2021-02-28 21:19:00",0.0,52.1,60.9,80.7,55.1,45.3,0,0,0
"2021-02-28 21:20:00",0.0,47.1,52.3,74.0,49.2,45.3,0,0,0
"2021-02-28 21:21:00",0.0,55.1,63.8,79.3,58.6,50.2,0,0,0
"2021-02-28 21:22:00",0.0,51.8,57.2,73.3,54.5,49.2,0,0,0
"2021-02-28 21:23:00",0.0,52.0,59.2,74.8,56.0,47.5,0,0,0
"2021-02-28 21:24:00",0.0,50.4,55.8,72.2,52.4,47.4,0,0,0
"2021-02-28 21:25:00",0.0,50.7,58.8,74.7,54.8,44.9,0,0,0
"2021-02-28 21:26:00",0.0,52.4,58.7,77.2,56.2,47.6,0,0,0
"2021-02-28 21:27:00",0.0,51.2,57.1,76.8,54.8,47.6,0,0,0
"2021-02-28 21:28:00",0.0,51.8,58.5,75.6,55.2,45.8,0,0,0
"2021-02-28 21:29:00",0.0,46.3,50.8,68.8,48.9,43.9,0,0,0
"2021-02-28 21:30:00",0.0,51.7,58.0,73.1,55.2,48.3,0,0,0
"2021-02-28 21:31:00",0.0,51.8,63.0,78.7,54.7,47.3,0,0,0
"2021-02-28 21:32:00",0.0,52.9,60.6,76.8,57.4,47.7,0,0,0
"2021-02-28 21:33:00",0.0,52.0,59.1,82.5,53.9,48.8,0,0,0
"2021-02-28 21:34:00",0.0,51.7,58.7,75.3,55.9,45.7,0,0,0
"2021-02-28 21:35:00",0.0,50.2,59.7,73.5,52.6,47.3,0,0,0
"2021-02-28 21:36:00",0.0,53.9,60.8,77.3,57.8,47.5,0,0,0
"2021-02-28 21:37:00",0.0,51.9,58.4,74.2,55.3,47.7,0,0,0
"2021-02-28 21:38:00",0.0,52.3,59.9,74.7,55.8,48.2,0,0,0
"2021-02-28 21:39:00",0.0,50.4,57.0,79.4,53.3,45.9,0,0,0
"2021-02-28 21:40:00",0.0,53.7,61.2,75.3,57.6,48.7,0,0,0
"2021-02-28 21:41:00",0.0,54.9,62.8,79.5,58.7,50.0,0,0,0
"2021-02-28 21:42:00",0.0,54.4,63.2,76.8,58.6,48.2,0,0,0
"2021-02-28 21:43:00",0.0,52.1,55.0,71.2,53.2,50.2,0,0,0
"2021-02-28 21:44:00",0.0,52.1,58.5,76.4,54.9,47.7,0,0,0
"2021-02-28 21:45:00",0.0,49.3,54.8,70.1,51.0,46.9,0,0,0
"2021-02-28 21:46:00",0.0,49.8,55.3,70.8,52.2,47.2,0,0,0
"2021-02-28 21:47:00",0.0,51.4,58.3,76.4,53.9,47.2,0,0,0
"2021-02-28 21:48:00",0.0,49.6,56.2,70.5,52.3,47.0,0,0,0
"2021-02-28 21:49:00",0.0,51.7,57.8,75.3,53.8,49.1,0,0,0
"2021-02-28 21:50:00",0.0,51.3,60.2,77.3,54.9,47.3,0,0,0
"2021-02-28 21:51:00",0.0,50.6,57.9,74.9,54.7,47.2,0,0,0
"2021-02-28 21:52:00",0.0,51.1,59.1,72.9,54.0,47.7,0,0,0
"2021-02-28 21:53:00",0.0,53.6,61.2,76.0,56.9,46.8,0,0,0
"2021-02-28 21:54:00",0.0,49.5,60.8,78.6,52.9,44.8,0,0,0
"2021-02-28 21:55:00",0.0,50.9,60.1,76.6,54.4,45.9,0,0,0
"2021-02-28 21:56:00",0.0,51.8,57.4,75.2,54.2,49.4,0,0,0
"2021-02-28 21:57:00",0.0,49.5,55.6,71.2,51.1,47.5,0,0,0
"2021-02-28 21:58:00",0.0,50.7,56.4,75.3,53.8,46.4,0,0,0
"2021-02-28 21:59:00",0.0,49.6,56.6,79.5,54.0,45.5,0,0,0
"2021-02-28 22:00:00",0.0,47.5,56.2,71.8,50.4,43.6,0,0,0
